<?xml version="1.0" encoding="UTF-8"?>
<metadata>
  <idinfo>
    <citation>
      <citeinfo>
        <origin>U.S. Geological Survey - Gap Analysis Project</origin>
        <pubdate>2017</pubdate>
        <title>American Bison (Bison bison) mBISOx_CONUS_2001v1 Habitat Map</title>
        <geoform>maps and data</geoform>
        <pubinfo>
          <pubplace>Boise, Idaho</pubplace>
          <publish>U.S. Geological Survey</publish>
        </pubinfo>
        <onlink>https://doi.org/10.5066/F7KW5DD3</onlink>
        <onlink>https://www.sciencebase.gov/catalog/item/58fa620be4b0b7ea54525758</onlink>
      </citeinfo>
    </citation>
    <descript>
      <abstract>This dataset represents a species habitat distribution map for American Bison. These habitat maps are created by applying a deductive habitat model to remotely-sensed data layers within a species' range.  The habitat model used to generate this habitat map was edited by Matt Rubino and reviewed by Nathan Tarr.</abstract>
      <purpose>GAP distribution maps represent the areas where species are predicted to occur based on habitat associations and known range. In other words, a species distribution is created using a deductive model to predict areas suitable for occupation within a species range. To represent these suitable environments for this species' habitat distribution map, we used the land cover and other ancillary datasets listed in the metadata found here: https://www.sciencebase.gov/catalog/item/527d0a83e4b0850ea0518326. Details on the habitat affinities and the parameters used to model are provided in the species report in the attached files section of this record. These maps can be used to assess the habitat availability across the range of the species and in combination with other data to assess the conservation status or threats to the habitat for the species.</purpose>
    </descript>
    <timeperd>
      <timeinfo>
        <rngdates>
          <begdate>2008</begdate>
          <enddate>2013</enddate>
        </rngdates>
      </timeinfo>
      <current>publication date</current>
    </timeperd>
    <status>
      <progress>In work</progress>
      <update>As needed</update>
    </status>
    <spdom>
      <descgeog>United States</descgeog>
      <bounding>
        <westbc>175.0</westbc>
        <eastbc>-64.0</eastbc>
        <northbc>72.0</northbc>
        <southbc>16.0</southbc>
      </bounding>
    </spdom>
    <accconst>none</accconst>
    <ptcontac>
      <cntinfo>
        <cntperp>
          <cntper>Dr. Alexa McKerrow</cntper>
          <cntorg>U.S. Geological Survey/Core Science Analytics, Synthesis, and Libraries</cntorg>
        </cntperp>
        <cntaddr>
          <addrtype>mailing and physical</addrtype>
          <address>North Carolina State University, Campus Box 7617</address>
          <city>Raleigh</city>
          <state>NC</state>
          <postal>27695-7617</postal>
          <country>United States</country>
        </cntaddr>
        <cntvoice>571-218-5474</cntvoice>
        <cntemail>amckerrow@usgs.gov</cntemail>
      </cntinfo>
    </ptcontac>
    <native>Environment as of Metadata Creation: Microsoft Windows 7 Version 6.1 (Build 7601) Service Pack 1; ESRI ArcCatalog 10.2 (Build 3348) Service Pack [N/A] (Build [N/A])</native>
  </idinfo>
  <spdoinfo>
    <direct>Raster</direct>
  </spdoinfo>
  <spref>
    <horizsys>
      <planar>
        <mapproj>
          <albers>
            <stdparll>29.5</stdparll>
            <stdparll>45.5</stdparll>
            <longcm>-96.0</longcm>
            <latprjo>23.0</latprjo>
            <feast>0.0</feast>
            <fnorth>0.0</fnorth>
          </albers>
        </mapproj>
        <planci>
          <plance>coordinate pair</plance>
          <coordrep>
            <absres>30.0</absres>
            <ordres>30.0</ordres>
          </coordrep>
          <plandu>METERS</plandu>
        </planci>
      </planar>
      <geodetic>
        <horizdn>North American Datum of 1983</horizdn>
        <ellips>Geodetic Reference System 80</ellips>
        <semiaxis>6378137.0</semiaxis>
        <denflat>298.257222</denflat>
      </geodetic>
    </horizsys>
  </spref>
  <eainfo>
    <detailed>
      <enttyp>
        <enttypl>mBISOx</enttypl>
        <enttypd>Habitat map. We defined a species distribution as the spatial arrangement of environments suitable for occupation by a species. In other words, a species habitat map is created using a deductive model to predict areas suitable for occupation within a species range.</enttypd>
        <enttypds>Producer defined</enttypds>
      </enttyp>
      <attr>
        <attrlabl>Rowid</attrlabl>
        <attrdef>Internal feature number.</attrdef>
        <attrdefs>ESRI</attrdefs>
        <attrdomv>
          <udom>Sequential unique whole numbers that are automatically generated.</udom>
        </attrdomv>
      </attr>
      <attr>
        <attrlabl>VALUE</attrlabl>
        <attrdef>Integer that represents seasonality of distribution.Sequential unique whole numbers that are automatically generated.</attrdef>
        <attrdefs>Producer defined</attrdefs>
        <attrdomv>
          <edom>
            <edomv>1</edomv>
            <edomvd>Known or probable occurrence, summer</edomvd>
            <edomvds>Producer defined</edomvds>
          </edom>
          <edom>
            <edomv>2</edomv>
            <edomvd>Known or probable occurrence, winter</edomvd>
            <edomvds>Producer defined</edomvds>
          </edom>
          <edom>
            <edomv>3</edomv>
            <edomvd>Known or probable occurrence, year-round (both winter and summer)</edomvd>
            <edomvds>Producer defined</edomvds>
          </edom>
        </attrdomv>
      </attr>
      <attr>
        <attrlabl>COUNT</attrlabl>
        <attrdef>The count (total number) of pixels with the listed value.</attrdef>
        <attrdefs>ESRI/Producer Defined</attrdefs>
        <attrdomv>
          <udom>The count (total number) of pixels with the listed value.</udom>
        </attrdomv>
      </attr>
    </detailed>
  </eainfo>
  <distinfo>
    <distrib>
      <cntinfo>
        <cntperp>
          <cntper>ScienceBase Data Release Team</cntper>
          <cntorg>U.S. Geological Survey - ScienceBase</cntorg>
        </cntperp>
        <cntaddr>
          <addrtype>mailing and physical</addrtype>
          <address>Denver Federal Center, Building 810, Mail Stop 302</address>
          <city>Denver</city>
          <state>CO</state>
          <postal>80225</postal>
          <country>United States</country>
        </cntaddr>
        <cntvoice>888-275-8747</cntvoice>
        <cntemail>sciencebase@usgs.gov</cntemail>
      </cntinfo>
    </distrib>
    <distliab>Unless otherwise stated, all data, metadata and related materials are considered to satisfy the quality standards relative to the purpose for which the data were collected. Although these data and associated metadata have been reviewed for accuracy and completeness and approved for release by the U.S. Geological Survey (USGS), no warranty expressed or implied is made regarding the display or utility of the data on any other system or for general or scientific purposes, nor shall the act of distribution constitute any such warranty.</distliab>
    <stdorder>
      <digform>
        <digtinfo>
          <formname>ScienceBase Item</formname>
          <formvern>none</formvern>
        </digtinfo>
        <digtopt>
          <onlinopt>
            <computer>
              <networka>
                <networkr>https://www.sciencebase.gov/catalog/item/58fa620be4b0b7ea54525758</networkr>
              </networka>
            </computer>
          </onlinopt>
        </digtopt>
      </digform>
      <fees>None</fees>
    </stdorder>
  </distinfo>
  <metainfo>
    <metd>20171116</metd>
    <metc>
      <cntinfo>
        <cntperp>
          <cntper>Julie Prior-Magee</cntper>
          <cntorg>U.S. Geological Survey - Core Science Analytics, Synthesis, and Libraries</cntorg>
        </cntperp>
        <cntpos>Technical Information Specialist</cntpos>
        <cntaddr>
          <addrtype>mailing and physical</addrtype>
          <address>Denver Federal Center, West 6th Avenue &amp; Kipling, Bldg. 810, MS 302</address>
          <city>Lakewood</city>
          <state>CO</state>
          <postal>80225</postal>
          <country>United States</country>
        </cntaddr>
        <cntvoice>575-557-1566</cntvoice>
        <cntemail>jpmagee@usgs.gov</cntemail>
      </cntinfo>
    </metc>
    <metstdn>FGDC Biological Data Profile of the Content Standard for Digital Geospatial Metadata</metstdn>
    <metstdv>FGDC-STD-001.1-1999</metstdv>
  </metainfo>
</metadata>

